"idArtiste","nomArtiste","descriptionArtiste","photoArtiste"
1,"Marc","Marc est un artiste peintre qui a fait ses études à l'école des beaux arts de Paris. Il a exposé dans de nombreux musées et galeries à travers le monde.",""
2,"Paul","Paul est un chanteur qui a fait ses études au conservatoire de Paris. Il a chanté dans de nombreux opéras à travers le monde.",""
3,"Jean","Jean à commencer la musique à l'âge de 5 ans. Il a ensuite rapidement commencer à se faire connaitre",""
4,"Pierre","Pierre est un artiste peintre qui a fait ses études à l'école des beaux arts de Paris. Il a exposé dans de nombreux musées et galeries à travers le monde.",""
5,"Jacques","Jacques est un chanteur qui a fait ses études au conservatoire de Paris. Il a chanté dans de nombreux opéras à travers le monde.",""
6,"Louise","Louise à commencer la musique à l'âge de 5 ans. Elle a ensuite rapidement commencer à se faire connaitre",""
7,"Emilie","Emilie est un artiste peintre qui a fait ses études à l'école des beaux arts de Paris. Elle a exposé dans de nombreux musées et galeries à travers le monde.",""
8,"Marie","Marie est un chanteur qui a fait ses études au conservatoire de Paris. Il a chanté dans de nombreux opéras à travers le monde.",""
9,"Julie","Julie à commencer la musique à l'âge de 5 ans. Elle a ensuite rapidement commencer à se faire connaitre",""
10,"Sophie","Sophie est un artiste peintre qui a fait ses études à l'école des beaux arts de Paris. Il a exposé dans de nombreux musées et galeries à travers le monde.",""
11,"Evan","Evan est un chanteur qui a fait ses études au conservatoire de Paris. Il a chanté dans de nombreux opéras à travers le monde.",""
12,"Léo","Léo à commencer la musique à l'âge de 5 ans. Il a ensuite rapidement commencer à se faire connaitre",""
13,"Léa","Léa est un artiste peintre qui a fait ses études à l'école des beaux arts de Paris. Il a exposé dans de nombreux musées et galeries à travers le monde.",""
14,"Lola","Lola est un chanteur qui a fait ses études au conservatoire de Paris. Il a chanté dans de nombreux opéras à travers le monde.",""
15,"Lina","Lina à commencer la musique à l'âge de 5 ans. Elle a ensuite rapidement commencer à se faire connaitre",""